
INSERT INTO Author VALUES
(101, 'Bobby', 'Ewing'),
(102, 'Red', 'Skelton'),
(201, 'Thomas', 'Magnum'),
(202, 'Julie', 'Barnes'),
(203, 'Roger', 'Ramjet'),
(204, 'Mickey', 'Hart'),
(205, 'Grace', 'Slick'),
(206, 'Perry', 'Mason'),
(207, 'Dickey', 'Betts'),
(208, 'Waco', 'Kid'),
(209, 'Roger', 'Thornhill'),
(210, 'Scottie', 'Ferguson'),
(301, 'Barbara', 'Wright'),
(302, 'John', 'Crichton'),
(303, 'Aeon', 'Flux'),
(304, 'Robert', 'Crawley');


INSERT INTO Publisher VALUES
(10000, 'Wiley'),
(10001, 'McGraw-Hill'),
(10002, 'Coyote Publishing'),
(10003, 'Amazon'),
(10004, 'Jerrys Ice Cream'),
(10005, 'Buy a Boat'),
(10006, 'Flagstaff Publishing'),
(10007, 'Ram West');


INSERT INTO Book VALUES
('96-42103-10001', 'How to Grow Tomatoes', 1963, 10006),
('96-42103-10002', 'Mr. Smith Goes to Washington', 2010, 10007),
('96-42103-10003', 'Studying is Your Friend', 1955, 10000),
('96-42103-10004', 'To Have and To Cherish', 2011, 10003),
('96-42103-10005', 'Hal Finds a Home', 2001, 10003),
('96-42103-10006', 'Last Train to Clarksville', 1999, 10004),
('96-42103-10007', 'How to Digitally Sign', 2003, 10004),
('96-42103-10008', 'Sam Needs a Friend', 2013, 10005),
('96-42103-10009', 'Downton Abbey', 2005, 10002),
('96-42103-10011', 'Database Theory', 2010, 10001),
('96-42103-10022', 'Challenging Puzzles', 1988, 10001),
('96-42103-10033', 'American Football', 2011, 10006),
('96-42103-10034', 'European Football', 2015, 10003),
('96-42103-10040', 'Where to Start', 2012, 10003),
('96-42103-10054', 'Lacey Discovers Herself', 2013, 10002),
('96-42103-10068', 'Mr. Ed', 2009, 10001),
('96-42103-10081', 'Escape from Gilligans Island', 2009, 10000),
('96-42103-10093', 'Fixing Computers', 2010, 10000),
('96-42103-10109', 'Red Burn', 2011, 10000),
('96-42103-10206', 'Taks McGrill', 2000, 10003),
('96-42103-10300', 'Eating Healthy', 1999, 10004),
('96-42103-10401', 'How to Grow Cucumbers', 1945, 10006),
('96-42103-10502', 'Gardening Tips', 1973, 10007),
('96-42103-10604', 'Using the Library', 1993, 10003),
('96-42103-10709', 'Too Many Cooks', 1983, 10006),
('96-42103-10800', 'Green is Your Friend', 2000, 10006),
('96-42103-10907', 'Cubs Win!', 2005, 10002),
('96-42103-11003', 'Missing Tomorrow', 2005, 10001);

INSERT INTO Member VALUES
(1000, 'Wiley', 'Coyote', '1961-9-10'),
(1100, 'Bugs', 'Bunny', '1990-6-24'),
(1200, 'Olive', 'Oyl', '1989-7-19'),
(1300, 'Alice', 'Wonderland', '1989-7-19'),
(1400, 'Roger', 'Ramjet', '1985-1-13'),
(1500, 'Larry', 'Lujack', '1940-6-6'),
(1600, 'Thomas', 'Tankengine', '1991-4-1'),
(1700, 'Amber', 'Corwin', '1970-12-1'),
(1800, 'Dworkin', 'Barimen', '1950-12-2'),
(1900, 'Bel', 'Garion', '1983-1-1'),
(2000, 'Pol', 'Gara', '1963-1-10'),
(2001, 'Art', 'Clark', '2001-12-6'),
(2002, 'Edith', 'Crawley', '1962-9-4'),
(2003, 'John', 'Bates', '2001-12-12'),
(2004, 'Thomas', 'Barrow', '2005-5-5'),
(2005, 'John', 'Watson', '1975-2-22'),
(2006, 'Jim', 'Moriarty', '1967-3-12'),
(2007, 'Walter', 'White', '1983-5-14'),
(2008, 'Skyler', 'White', '1983-4-12'),
(2009, 'Dexter', 'Morgan', '1994-7-11'),
(2010, 'Rita', 'Bennett', '2001-11-12'),
(2011, 'Sun', 'Kwon', '1988-10-19'),
(2012, 'John', 'Locke', '2000-1-1'),
(2013, 'Clair', 'Littleton', '2001-2-1'),
(2015, 'Claire', 'Bennet', '2001-3-11'),
(2016, 'Mohinder', 'Suresh', '1993-4-15'),
(2017, 'Chloe', 'Sullivan', '2007-5-16'),
(2018, 'Martha', 'Kent', '1954-2-13'),
(2019, 'Paige', 'Matthews', '1977-3-16'),
(2020, 'Leo', 'Wyatt', '2000-10-1'),
(2021, 'Buffy', 'Summers', '2000-5-26'),
(2022, 'Xander', 'Harris', '2001-6-23');

INSERT INTO BorrowedBy VALUES
('96-42103-10604', 1100, '2016-4-13', '2016-4-17'),
('96-42103-10604', 1100, '2016-3-9', '2016-3-10'),
('96-42103-10003', 1100, '2016-3-23', '2016-3-24'),
('96-42103-10401', 1100, '2016-5-14', '2016-5-16'),
('96-42103-10001', 1100, '2016-4-27', '2016-4-30'),
('96-42103-10040', 1100, '2016-5-16', '2016-5-16'),
('96-42103-10709', 1100, '2016-5-18', '2016-5-21'),
('96-42103-10081', 1100, '2016-3-15', '2016-3-17'),
('96-42103-10081', 1200, '2016-4-10', '2016-4-16'),
('96-42103-10093', 1200, '2016-3-27', '2016-3-29'),
('96-42103-10109', 1200, '2016-4-15', '2016-4-18'),
('96-42103-10022', 1300, '2016-3-9', '2016-3-10'),
('96-42103-10206', 1300, '2016-5-11', '2016-5-14'),
('96-42103-10007', 1300, '2016-5-11', '2016-5-12'),
('96-42103-10001', 1300, '2016-3-28', '2016-4-4'),
('96-42103-10008', 1300, '2016-4-20', '2016-4-26'),
('96-42103-10033', 1400, '2016-3-26', '2016-3-29'),
('96-42103-10800', 1400, '2016-3-4', '2016-3-6'),
('96-42103-10008', 1400, '2016-5-24', '2016-5-29'),
('96-42103-10007', 1400, '2016-5-6', '2016-5-11'),
('96-42103-11003', 1400, '2016-3-5', '2016-3-10'),
('96-42103-10022', 1400, '2016-3-4', '2016-3-7'),
('96-42103-10004', 1500, '2016-5-14', '2016-5-16'),
('96-42103-10800', 1500, '2016-4-2', '2016-4-5'),
('96-42103-10206', 1600, '2016-5-21', '2016-5-27'),
('96-42103-10002', 1600, '2016-5-4', '2016-5-9'),
('96-42103-10011', 1600, '2016-3-20', '2016-3-20'),
('96-42103-10800', 1600, '2016-5-10', '2016-5-13'),
('96-42103-10300', 1600, '2016-3-22', '2016-3-24'),
('96-42103-10040', 1700, '2016-5-18', '2016-5-21'),
('96-42103-10604', 1700, '2016-4-17', '2016-4-18'),
('96-42103-11003', 1700, '2016-4-17', '2016-4-20'),
('96-42103-10004', 1700, '2016-4-5', '2016-4-11'),
('96-42103-10081', 1700, '2016-3-5', '2016-3-8'),
('96-42103-10800', 1700, '2016-4-22', '2016-4-28'),
('96-42103-10011', 1800, '2016-4-25', '2016-4-26'),
('96-42103-10008', 1900, '2016-5-1', '2016-5-1'),
('96-42103-10093', 2000, '2016-4-12', '2016-4-12'),
('96-42103-10005', 2000, '2016-5-17', '2016-5-21'),
('96-42103-10109', 2000, '2016-5-9', '2016-5-11'),
('96-42103-10006', 2000, '2016-5-8', '2016-5-11'),
('96-42103-10040', 2001, '2016-4-22', '2016-4-25'),
('96-42103-10040', 2002, '2016-5-22', '2016-5-27'),
('96-42103-10008', 2002, '2016-4-21', '2016-4-25'),
('96-42103-10081', 2002, '2016-3-4', '2016-3-6'),
('96-42103-10006', 2002, '2016-4-27', '2016-5-2'),
('96-42103-10040', 2003, '2016-4-9', '2016-4-14'),
('96-42103-10033', 2003, '2016-3-14', '2016-3-15'),
('96-42103-10068', 2003, '2016-4-12', '2016-4-16'),
('96-42103-10800', 2004, '2016-5-13', '2016-5-17'),
('96-42103-10040', 2004, '2016-4-27', '2016-5-2'),
('96-42103-10007', 2004, '2016-4-21', '2016-4-23'),
('96-42103-10907', 2004, '2016-5-9', '2016-5-10'),
('96-42103-10800', 2004, '2016-5-24', '2016-5-28'),
('96-42103-10011', 2005, '2016-4-20', '2016-4-22'),
('96-42103-10800', 2006, '2016-4-4', '2016-4-4'),
('96-42103-10709', 2007, '2016-3-13', '2016-3-17'),
('96-42103-10033', 2007, '2016-3-19', '2016-3-24'),
('96-42103-10068', 2007, '2016-4-19', '2016-4-20'),
('96-42103-10502', 2008, '2016-3-12', '2016-3-14'),
('96-42103-11003', 2008, '2016-4-4', '2016-4-8'),
('96-42103-10022', 2009, '2016-3-24', '2016-3-30'),
('96-42103-10709', 2009, '2016-4-12', '2016-4-15'),
('96-42103-10022', 2009, '2016-4-10', '2016-4-10'),
('96-42103-10009', 2009, '2016-3-20', '2016-3-22'),
('96-42103-10033', 2009, '2016-4-30', '2016-5-2'),
('96-42103-10007', 2009, '2016-3-7', '2016-3-13'),
('96-42103-10002', 2009, '2016-4-12', '2016-4-13'),
('96-42103-10709', 2009, '2016-4-30', '2016-5-3'),
('96-42103-10054', 2009, '2016-4-29', '2016-5-2'),
('96-42103-10093', 2011, '2016-4-20', '2016-4-20'),
('96-42103-10011', 2011, '2016-3-9', '2016-3-11'),
('96-42103-10081', 2011, '2016-3-15', '2016-3-20'),
('96-42103-10800', 2011, '2016-5-29', Null),
('96-42103-11003', 2011, '2016-3-6', '2016-3-8'),
('96-42103-10040', 2011, '2016-3-10', '2016-3-16'),
('96-42103-10009', 2012, '2016-3-28', '2016-3-29'),
('96-42103-10006', 2012, '2016-3-24', '2016-3-28'),
('96-42103-11003', 2012, '2016-4-4', '2016-4-9'),
('96-42103-10008', 2012, '2016-4-26', '2016-4-28'),
('96-42103-10002', 2012, '2016-5-27', Null),
('96-42103-10008', 2013, '2016-4-19', '2016-4-23'),
('96-42103-10054', 2013, '2016-3-26', '2016-3-29'),
('96-42103-10033', 2013, '2016-5-17', '2016-5-21'),
('96-42103-10009', 2015, '2016-3-15', '2016-3-19'),
('96-42103-10033', 2016, '2016-4-28', '2016-4-30'),
('96-42103-10907', 2016, '2016-4-22', '2016-4-28'),
('96-42103-10206', 2016, '2016-5-9', '2016-5-14'),
('96-42103-10907', 2016, '2016-3-6', '2016-3-8'),
('96-42103-10907', 2016, '2016-3-21', '2016-3-22'),
('96-42103-10001', 2016, '2016-4-7', '2016-4-8'),
('96-42103-10206', 2016, '2016-5-15', '2016-5-15'),
('96-42103-10709', 2017, '2016-4-20', '2016-4-25'),
('96-42103-10300', 2017, '2016-5-20', '2016-5-26'),
('96-42103-10093', 2017, '2016-3-19', '2016-3-23'),
('96-42103-10300', 2017, '2016-5-1', '2016-5-5'),
('96-42103-10004', 2017, '2016-3-14', '2016-3-16'),
('96-42103-10033', 2018, '2016-3-5', '2016-3-7'),
('96-42103-10004', 2018, '2016-3-25', '2016-3-27'),
('96-42103-10907', 2018, '2016-3-16', '2016-3-20'),
('96-42103-10008', 2018, '2016-5-10', '2016-5-10'),
('96-42103-10033', 2018, '2016-4-1', '2016-4-7'),
('96-42103-10300', 2018, '2016-4-5', '2016-4-10'),
('96-42103-10206', 2018, '2016-3-5', '2016-3-11'),
('96-42103-10709', 2018, '2016-4-20', '2016-4-25'),
('96-42103-10206', 2018, '2016-5-12', '2016-5-17'),
('96-42103-10009', 2019, '2016-3-11', '2016-3-12'),
('96-42103-10022', 2020, '2016-4-9', '2016-4-10'),
('96-42103-10206', 2020, '2016-5-13', '2016-5-18'),
('96-42103-10093', 2020, '2016-4-8', '2016-4-12'),
('96-42103-10401', 2020, '2016-5-29', Null),
('96-42103-10033', 2021, '2016-3-14', '2016-3-16'),
('96-42103-10001', 2021, '2016-5-21', '2016-5-26'),
('96-42103-10054', 2021, '2016-4-29', '2016-4-30'),
('96-42103-10009', 2022, '2016-3-25', '2016-3-29'),
('96-42103-10011', 2022, '2016-5-3', '2016-5-6'),
('96-42103-10109', 2022, '2016-4-16', '2016-4-21'),
('96-42103-11003', 2022, '2016-6-1', Null),
('96-42103-10081', 2022, '2016-3-26', '2016-3-30'),
('96-42103-10093', 2022, '2016-3-27', '2016-3-29'),
('96-42103-10502', 2022, '2016-3-26', '2016-4-1'),
('96-42103-10003', 2022, '2016-5-6', '2016-5-9');


INSERT INTO WrittenBy VALUES
('96-42103-10001', 101),
('96-42103-10001', 208),
('96-42103-10002', 102),
('96-42103-10003', 203),
('96-42103-10003', 201),
('96-42103-10004', 209),
('96-42103-10004', 302),
('96-42103-10004', 304),
('96-42103-10005', 204),
('96-42103-10006', 101),
('96-42103-10007', 102),
('96-42103-10007', 302),
('96-42103-10008', 209),
('96-42103-10008', 210),
('96-42103-10008', 301),
('96-42103-10009', 304),
('96-42103-10011', 207),
('96-42103-10011', 208),
('96-42103-10022', 203),
('96-42103-10033', 202),
('96-42103-10034', 202),
('96-42103-10040', 205),
('96-42103-10040', 203),
('96-42103-10054', 201),
('96-42103-10054', 202),
('96-42103-10068', 210),
('96-42103-10081', 101),
('96-42103-10081', 204),
('96-42103-10093', 102),
('96-42103-10109', 304),
('96-42103-10109', 208),
('96-42103-10206', 210),
('96-42103-10206', 301),
('96-42103-10300', 207),
('96-42103-10300', 208),
('96-42103-10401', 101),
('96-42103-10401', 203),
('96-42103-10502', 201),
('96-42103-10502', 202),
('96-42103-10604', 201),
('96-42103-10709', 303),
('96-42103-10709', 201),
('96-42103-10800', 301),
('96-42103-10800', 302),
('96-42103-10907', 102),
('96-42103-10907', 301),
('96-42103-11003', 204),
('96-42103-11003', 205),
('96-42103-11003', 206),
('96-42103-11003', 207);



INSERT INTO Phone VALUES
('970-555-1000', '(c)'),
('970-555-1010', '(h)'),
('970-555-1100', '(o)'),
('303-555-1200', '(h)'),
('303-555-1210', '(c)'),
('970-555-1400', '(c)'),
('970-555-1800', '(c)'),
('970-555-1900', '(h)'),
('970-555-2000', '(h)'),
('970-555-2010', '(c)'),
('970-555-2001', '(h)'),
('970-555-2020', '(c)'),
('970-555-2300', '(o)'),
('970-555-2400', '(h)'),
('970-555-2401', '(c)'),
('970-555-2403', '(o)'),
('970-555-2402', '(c)');

INSERT INTO Phone VALUES
('970-555-5000', '(o)'),
('970-555-5010', '(o)'),
('970-555-5020', '(o)'),
('970-555-5030', '(o)'),
('970-555-5040', '(o)'),
('970-555-5050', '(o)'),
('970-555-5060', '(o)'),
('970-555-5070', '(c)'),
('970-555-5080', '(o)');


INSERT INTO PublisherPhone VALUES
(10000, '970-555-5000'),
(10001, '970-555-5010'),
(10002, '970-555-5020'),
(10003, '970-555-5030'),
(10004, '970-555-5040'),
(10005, '970-555-5050'),
(10006, '970-555-5060'),
(10006, '970-555-5070'),
(10007, '970-555-5080');

INSERT INTO AuthorPhone VALUES
(101, '970-555-1000'),
(101, '970-555-1010'),
(102, '970-555-1100'),
(201, '303-555-1200'),
(202, '303-555-1200'),
(202, '303-555-1210'),
(203, '970-555-1400'),
(207, '970-555-1800'),
(208, '970-555-1900'),
(209, '970-555-2000'),
(209, '970-555-2010'),
(210, '970-555-2001'),
(301, '970-555-2020'),
(302, '970-555-2300'),
(303, '970-555-2400'),
(303, '970-555-2401'),
(303, '970-555-2403'),
(304, '970-555-2400'),
(304, '970-555-2402'),
(304, '970-555-2403');

